{
    "name": "MarchantUsers",
    "plural": "marchantUsers",
    "base": "PersistedModel",
    "idInjection": true,
    "options": {
      "idInjection": true,
      "oracle": {
        "schema": "SCOTT",
        "table": "MARCHANT_USERS"
      },
      "validateUpsert": true
    },
    "http": {
      "path": "/marchant_users"
    },
    "properties": {
      "accountNumber": {
        "type": "String",
        "id": true,
        "required": true,
        "length": 32,
        "precision": null,
        "scale": null,
        "oracle": {
          "columnName": "ACCOUNT_NUMBER",
          "dataType": "VARCHAR2",
          "dataLength": 32,
          "dataPrecision": null,
          "dataScale": null,
          "nullable": "N"
        }
      },
      "custId": {
        "type": "String",
        "required": false,
        "length": 20,
        "precision": null,
        "scale": null,
        "oracle": {
          "columnName": "CUST_ID",
          "dataType": "VARCHAR2",
          "dataLength": 20,
          "dataPrecision": null,
          "dataScale": null,
          "nullable": "Y"
        }
      },
      "mobileNumber": {
        "type": "String",
        "required": false,
        "length": 20,
        "precision": null,
        "scale": null,
        "oracle": {
          "columnName": "MOBILE_NUMBER",
          "dataType": "VARCHAR2",
          "dataLength": 20,
          "dataPrecision": null,
          "dataScale": null,
          "nullable": "Y"
        }
      },
      "marchantId": {
        "type": "String",
        "required": false,
        "length": 20,
        "precision": null,
        "scale": null,
        "oracle": {
          "columnName": "MARCHANT_ID",
          "dataType": "VARCHAR2",
          "dataLength": 20,
          "dataPrecision": null,
          "dataScale": null,
          "nullable": "Y"
        }
      },
      "createdAt": {
        "type": "Date",
        "required": false,
        "length": 7,
        "precision": null,
        "scale": null,
        "oracle": {
          "columnName": "CREATED_AT",
          "dataType": "DATE",
          "dataLength": 7,
          "dataPrecision": null,
          "dataScale": null,
          "nullable": "Y"
        }
      },
      "userName": {
        "type": "String",
        "required": false,
        "length": 20,
        "precision": null,
        "scale": null,
        "oracle": {
          "columnName": "USER_NAME",
          "dataType": "VARCHAR2",
          "dataLength": 20,
          "dataPrecision": null,
          "dataScale": null,
          "nullable": "Y"
        }
      }
    },
    "validations": [],
    "relations": {},
    "acls": [],
    "methods": {}
  }