{
    "_meta": {
      "sources": [
        "loopback/common/models",
        "loopback/server/models",
        "../common/models",
        "./models"
      ],
      "mixins": [
        "loopback/common/mixins",
        "loopback/server/mixins",
        "../common/mixins",
        "./mixins"
      ]
    },
    "MarchantUsers": {
      "dataSource": "loopback",
      "public": true
    },
    "OtpValidation": {
      "dataSource": "loopback",
      "public": true
    },
    "UpiBankFinlogs": {
      "dataSource": "loopback",
      "public": true
    },
    "AeshashEncryption": {
      "dataSource": "loopback",
      "public": true
    },
    "thirdpartyCall": {
      "dataSource": "loopback",
      "public": true
    }
  }